SecSt,ASA_pct,delta_MW,delta_Chg,delta_ARM,delta_Hydro,delta_VdwV,delta_SASA,ddG_calc,ddGC
1,18.92,1,-1,0,-0.208,-5,-7,0.861,unstable
2,0.94,-16,0,0,0.257,-6,-13,0.806,unstable
2,8.61,22,1.5,0.5,0.137,27,45,-4.583,stable
3,8.67,-43,0,0,0.38,-29,-46,1.564,unstable
2,4.92,-10,-0.5,0,-0.263,-38,-33,5.951,unstable
4,24.71,-58,1,0,0.473,-43,-96,3.433,unstable
2,11.58,-10,-0.5,0,-0.263,-38,-33,5.346,unstable
2,5.53,14,0,0,0.118,19,20,1.186,unstable
1,44.53,1,-2,0,-0.24,-26,-29,0.636,stable
2,3.93,-14,0,0,-0.118,-19,-20,7.299,unstable
3,51.77,-30,0,0,0.166,-26,-35,0.413,unstable
2,22.14,-53,-1.5,0,0.68,-62,-92,2.753,unstable
3,15.81,-69,-1,0,0.359,-75,-116,2.193,unstable
1,10.7,16,-1,0,-0.9,-15,-2,3.445,unstable
1,83.76,32,-0.5,0,0.064,19,37,2.595,unstable
3,0,-56,0,0,-0.442,-76,-127,3.083,unstable
2,2.36,-28,1,0,0.331,-18,-26,-0.021,unstable
3,22.34,-14,0,0,-0.118,-19,-20,5.25,unstable
3,53.71,27,0,0,-0.199,21,42,-0.379,unstable
2,43.15,73,0,1.5,-0.065,39,80,-2.055,stable
3,56.4,-23,-0.5,-0.5,0.071,-22,-38,1.178,unstable
1,48.2,-58,1,0,0.573,-42,-71,0.422,unstable
2,8.61,48,1,1,0.852,50,81,-6.271,stable
4,0.43,18,0,0,-0.205,0,20,1.207,unstable
4,13.01,29,0,0,-0.574,9,27,0.66,unstable
3,63.24,-42,0,0,-0.327,-57,-70,2.304,unstable
2,8.61,13,2,0,0.255,44,61,-2.42,stable
3,105.6,-16,-1,0,-0.71,-33,-54,-0.483,stable
2,3.96,-43,0,0,0.38,-29,-46,1.617,unstable
2,67.29,-85,-1,0,0.616,-81,-129,0.574,unstable
2,6.7,-58,1,0,0.573,-42,-71,-1.817,unstable
3,10.76,-14,0,0,-0.118,-19,-23,1.45,unstable
4,56.62,-106,0,-1,-0.379,-93,-177,5.539,unstable
2,0,-56,0,0,-0.442,-76,-127,6.749,unstable
3,76.23,-60,-0.5,-1,-0.2,-55,-83,1.925,stable
2,39.37,-2,0,0,0.375,12,15,-1.184,stable
2,6.7,-72,1,0,0.458,-61,-128,0.816,unstable
1,27.13,28,-1,0,-0.331,18,26,-0.835,stable
1,0,16,0,0,-0.257,6,13,4.612,unstable
3,14.69,-43,0,0,0.38,-29,-46,0.321,unstable
2,0.11,-42,0,0,-0.327,-57,-73,3.995,unstable
2,26.54,-56,0,0,-0.442,-76,-130,4.762,unstable
1,31.56,-50,-0.5,-0.5,0.194,-45,-71,-0.436,stable
3,3.74,-16,0,0,0.12,-6,-12,1.052,unstable
2,0,-76,0,-1,-0.521,-68,-107,9.496,unstable
4,11.45,-44,1,0,0.588,-24,-39,0.492,unstable
2,51.89,-56,0,0,-0.442,-76,-130,2.179,unstable
2,24.59,-14,0,0,-0.091,-20,-22,-0.041,unstable
4,9.29,-43,0,0,0.38,-29,-46,-1.54,unstable
1,27.9,-90,0,-1,-0.499,-87,-165,5.533,unstable
3,43.71,14,0,0,0.115,19,57,15.921,unstable
4,0.94,-44,0,0,0.051,-45,-92,4.169,unstable
2,22.53,69,1,0,-0.359,75,116,0.007,stable
2,2.43,-14,0,0,-0.118,-19,-23,1.716,unstable
3,7.53,-23,-0.5,-0.5,0.071,-22,-38,5.012,unstable
1,0,30,0,0,-0.166,26,35,1.992,unstable
1,30.46,-16,0,0,0.257,-6,-13,0.461,unstable
3,51.77,14,-1,0,-0.422,-2,4,1.402,unstable
3,17.05,-26,0,0,-0.095,-23,-38,2.178,unstable
2,21.25,-42,0,0,-0.327,-57,-70,3.057,unstable
3,52.36,-26,0,0,-0.095,-23,-38,1.559,unstable
3,0.85,-2,0.5,0,-0.23,7,-2,-2.218,stable
3,40.02,-14,0,0,-0.115,-19,-57,1.096,unstable
1,2.45,-30,0,0,0.166,-26,-35,-2.96,unstable
1,16.66,23,0,0.5,-0.002,22,30,0.123,stable
1,43.23,-19,-0.5,0.5,0.165,-30,-45,-0.932,unstable
3,25.63,-28,0,0,-0.209,-38,-50,2.204,unstable
3,48.92,80,0.5,0.5,-0.336,70,141,4.731,unstable
3,41.82,12,0,0,0.493,31,38,2.098,unstable
1,1.03,-14,0,0,-0.118,-19,-23,0.599,unstable
2,6.69,-92,0,-1,-0.264,-74,-120,4.696,unstable
3,24.01,-2,0,0,0.375,12,15,-1.48,unstable
2,0.16,15,1,0,-0.66,11,30,6.106,unstable
1,56.62,-76,0,-1,-0.521,-68,-107,4.834,unstable
1,0,-42,0,0,-0.327,-57,-70,5.059,unstable
3,56.4,-66,-0.5,-0.5,0.451,-51,-84,2.683,unstable
3,10.02,-28,0,0,-0.209,-38,-50,2.036,unstable
2,11.56,-76,0,-1,-0.384,-68,-108,5.632,unstable
3,51.77,-44,0,0,0.051,-45,-92,0.825,unstable
2,5.53,32,0,0,-0.087,19,43,-0.151,unstable
3,46.71,2,0,0,-0.375,-12,-15,1.346,unstable
2,38.57,-44,0,0,0.051,-45,-92,2.78,unstable
3,61.22,16,-1,0,-0.9,-15,1,1.915,unstable
4,72.93,29,1,0,-0.542,30,50,-0.714,unstable
3,76.23,-26,0.5,-0.5,-0.715,-23,-36,0.688,stable
1,10.7,34,0,1,0.057,11,35,4.144,unstable
1,26.79,-58,1,0,0.573,-42,-71,-0.157,unstable
1,1.58,-39,0,-0.5,0.122,-28,-42,4.666,unstable
1,9.92,-10,0.5,-0.5,-0.835,-17,-24,1.37,unstable
3,40.27,-28,0,0,-0.209,-38,-50,2.265,unstable
2,2.36,-1,1,0,0.208,5,7,-0.086,unstable
3,53.62,14,0,0,0.115,19,57,2.138,unstable
3,22.34,-42,0,0,-0.327,-57,-70,5.194,unstable
2,50.68,-42,0,0,-0.324,-57,-107,2.117,unstable
1,82.03,16,0,0,-0.257,6,13,0.929,unstable
2,1.65,14,0,0,0.115,19,57,5.978,unstable
2,8.61,32,1,1,0.972,44,69,-6.205,stable
2,44.85,-85,-1,0,0.616,-81,-129,0.951,unstable
2,9.08,-35,0,-1,-0.629,-27,-43,3.275,unstable
1,10.7,-26,0,0,-0.584,-51,-60,3.409,unstable
2,0,10,0.5,0,0.263,38,33,4.997,unstable
2,2.43,-12,0,0,-0.493,-31,-38,3.701,unstable
2,18.27,-42,0,0,-0.327,-57,-73,5.349,unstable
1,75.2,-14,0,0,-0.091,-20,-22,0.926,unstable
3,26.79,-16,1,0,0.9,15,-1,-0.864,stable
3,8.26,22,1.5,0.5,0.137,27,45,-0.142,unstable
2,0,-56,0,0,-0.442,-76,-130,8.89,unstable
1,31.56,-24,-0.5,-0.5,0.778,6,-14,-4.69,stable
3,7.1,-42,0,0,-0.327,-57,-70,0.949,unstable
1,0.49,-42,0,0,-0.327,-57,-70,4.99,unstable
3,4.81,-42,0,0,-0.327,-57,-70,4.234,unstable
4,87.44,13,1,0,0.223,23,38,-0.588,stable
2,0,-42,0,0,-0.327,-57,-70,5.283,unstable
3,28.48,-44,0,0,0.051,-45,-92,1.411,unstable
1,5.49,-23,0,-0.5,0.002,-22,-30,0.736,unstable
4,33.95,-27,0,0,0.123,-23,-33,1.086,unstable
1,26.35,-92,0,-1,-0.264,-74,-120,6.18,unstable
3,8.47,-90,0,-1,-0.499,-87,-165,7.028,unstable
2,40.94,-44,1,0,0.588,-24,-39,2.448,unstable
2,31.39,-34,0,-1,-0.057,-11,-38,2.5,unstable
1,32.42,50,0.5,0.5,-0.194,45,71,-0.265,unstable
3,48.92,58,-1,0,-0.473,43,96,4.637,unstable
2,39.42,-58,1,0,0.473,-43,-96,-0.907,unstable
2,0.61,1,-1,0,-0.208,-5,-7,0.587,unstable
3,34.05,-42,0,0,-0.327,-57,-73,2.899,unstable
4,77.17,-26,0,0,-0.095,-23,-38,1.272,unstable
1,54.2,-58,1,0,0.473,-43,-96,1.605,unstable
4,47.27,-16,0,0,0.257,-6,-13,0.607,unstable
1,27.9,-76,0,-1,-0.384,-68,-108,3.598,unstable
2,23.84,-43,0,0,0.38,-29,-46,2.007,unstable
4,62.84,-22,-1.5,-0.5,-0.137,-27,-45,0.966,unstable
2,44.83,-60,0,0,-0.122,-57,-93,1.513,unstable
2,0.39,14,0,0,0.118,19,23,2.369,unstable
3,48.92,71,1,0,-0.218,87,157,3.721,unstable
1,46.59,24,0.5,0.5,-0.778,-6,14,0.092,stable
1,11.58,-28,0,0,-0.209,-38,-50,2.756,unstable
1,50.81,38,0.5,0.5,-0.66,13,34,-1.844,unstable
3,76.23,-48,-1,-1,-0.852,-50,-81,0.596,stable
2,36.56,14,0,0,0.118,19,20,-0.159,unstable
3,6.13,-60,0,-1,-0.641,-62,-95,6.073,unstable
2,5.53,-28,0,0,-0.209,-38,-50,2.827,unstable
1,50.69,-24,-0.5,-0.5,0.778,6,-14,-0.236,stable
2,6.5,-16,0,0,0.12,-6,-12,0.111,stable
2,40.7,-42,0,0,-0.327,-57,-73,4.381,unstable
1,11.58,2,0,0,-0.375,-12,-15,2.795,unstable
2,0.45,-14,0,0,-0.115,-19,-57,0.186,unstable
2,44.88,-16,1,0,0.9,15,-1,-1.483,stable
2,36.39,-57,0,0,0.365,-47,-77,1.999,unstable
1,4.61,-2,0,0,0.375,12,15,-0.952,unstable
2,49.51,-10,-0.5,0,-0.263,-38,-36,3.832,unstable
2,0,-28,0,0,-0.209,-38,-50,4.794,unstable
1,75.2,-44,0,0,0.051,-45,-92,1.716,unstable
1,0,-42,0,0,-0.327,-57,-70,1.572,unstable
2,42.15,9,-0.5,0.5,-0.118,-17,-16,-0.976,unstable
1,11.48,-1,0,0,0.707,28,27,-4.146,stable
4,0.94,-30,0,0,0.166,-26,-35,1.549,unstable
1,0,-18,0,0,0.205,0,-20,2.698,unstable
1,50.81,64,0,1,0.055,36,70,-0.412,unstable
4,11.68,1,-1,0,-0.208,-5,-7,2.858,unstable
3,7.44,-14,0,0,-0.115,-19,-57,2.269,unstable
4,11.68,-43,0,0,0.38,-29,-46,2.678,unstable
2,34.42,-1,1,0,0.208,5,7,-0.71,unstable
3,27.2,-56,0,0,-0.442,-76,-127,3.824,unstable
3,76.23,-35,0,-1,-0.629,-27,-43,-0.261,stable
3,4.4,-16,0,0,0.12,-6,-12,0.564,unstable
1,0,12,0,0,0.493,31,38,-3.513,stable
2,2.76,-16,0,0,0.12,-6,-12,0.874,unstable
4,50.76,-44,0,0,0.051,-45,-92,2.058,unstable
2,2.24,-2,0,0,0.375,12,15,0.019,unstable
3,2.5,-58,1,0,0.473,-43,-96,1.112,unstable
2,42.36,-1,2,0,0.24,26,29,-0.019,unstable
2,34.35,-14,0,0,-0.118,-19,-20,0.301,stable
3,56.4,-50,-0.5,-0.5,0.194,-45,-71,2.613,unstable
2,52.65,19,-1,1,0.717,0,8,-1.457,stable
3,15.81,-28,0,0,0.283,-13,-29,1.794,unstable
2,0.16,43,1,0,-0.943,24,59,8.185,unstable
3,56.4,-22,-1.5,-0.5,-0.137,-27,-45,2.409,unstable
4,33.95,-43,0,0,0.38,-29,-46,0.207,unstable
3,29.13,-28,-1,0,0.251,-34,-52,0.722,unstable
2,24.41,57,1,0,-0.333,68,100,-0.997,stable
2,22.42,-34,0,-1,-0.057,-11,-38,2.714,unstable
1,0,42,0,0,0.327,57,73,5.124,stable
3,0.85,-32,0.5,0,-0.064,-19,-37,-1.631,stable
2,1.65,42,0,0,0.324,57,107,38.231,unstable
2,7.94,38,0.5,0.5,-0.66,13,34,7.197,unstable
2,32.27,2,0,0,-0.375,-12,-15,1.949,unstable
1,18.3,-92,0,-1,-0.264,-74,-120,4.167,unstable
4,55.59,-16,0,0,0.12,-6,-12,0.375,stable
3,0.5,-19,1,-1,-0.717,0,-8,10.791,unstable
2,36.56,48,0,1,0.175,30,58,-0.432,unstable
3,24.32,-42,0,0,-0.327,-57,-73,2.72,unstable
2,15.46,-85,-1,0,0.616,-81,-129,0.839,unstable
1,56.4,-9,0.5,-0.5,0.118,17,16,1.161,unstable
2,0,-42,0,0,-0.327,-57,-73,3.881,unstable
3,47.81,-1,1,0,0.208,5,7,0.255,unstable
3,2.5,-44,1,0,0.588,-24,-39,0.793,unstable
2,68.05,-2,0,0,-0.114,-15,-12,0.612,unstable
3,0.54,-42,0,0,-0.327,-57,-73,3.538,unstable
1,14.35,-40,-0.5,-0.5,0.546,-28,-46,0.153,stable
1,10.91,-76,0,-1,-0.384,-68,-108,3.738,unstable
1,73.04,36,0.5,0.5,-0.285,25,49,-0.565,unstable
3,48.92,99,1,0,-0.501,100,186,3.84,unstable
1,0,-60,0,0,-0.122,-57,-93,2.861,unstable
4,64.89,14,1,0,0.047,39,54,0.381,unstable
2,0.07,12,0,0,0.493,31,38,1.442,unstable
2,44.83,-18,0,0,0.205,0,-20,-1.308,stable
1,0,-30,0,0,0.166,-26,-35,1.164,unstable
2,2.43,34,0,1,0.057,11,35,3.203,unstable
1,30.74,-19,-0.5,0.5,0.165,-30,-45,3.47,unstable
3,12.35,-23,0,-0.5,0.002,-22,-30,4.973,unstable
2,44.88,27,2,0,-0.043,39,58,-0.23,stable
2,22.36,42,0,0,0.324,57,107,10.028,unstable
1,50.72,-15,1,0,0.193,-13,-25,0.92,unstable
2,4.92,0,0,0,0,0,3,1.549,unstable
2,0.35,-1,1,0,0.208,5,7,2.719,unstable
2,8.61,-2,1,0,0.915,33,31,-2.143,stable
2,68.05,4,-0.5,0,-0.145,-19,-13,3,unstable
3,48.92,14,0,0,0.115,19,57,4.884,unstable
2,4.92,-42,0,0,-0.327,-57,-70,4.541,unstable
2,37.46,-16,0,0,0.257,-6,-13,1.612,unstable
1,7.8,26,0,0,0.095,23,38,10.796,unstable
2,8.61,-2,1,0,0.915,33,34,-2.938,stable
1,0,-14,0,0,-0.118,-19,-23,1.815,unstable
4,0.07,-16,0.5,0,-0.321,-13,-24,-1.854,unstable
1,55.08,28,0,0,0.209,38,50,-0.426,unstable
1,0,57,1,0,-0.333,68,100,8.435,unstable
2,7.87,-28,0,0,-0.209,-38,-50,2.858,unstable
3,63.24,-10,-0.5,0,-0.263,-38,-33,3.546,unstable
2,36.11,4,-0.5,0,-0.145,-19,-13,2.378,unstable
1,0,2,0,0,-0.375,-12,-15,0.689,unstable
3,48.92,57,0,0,-0.265,48,103,2.785,unstable
3,26.86,-39,0,-0.5,0.122,-28,-42,3.341,unstable
2,30.45,2,0,0,-0.375,-12,-15,1.306,unstable
1,0.43,28,-1,0,-0.331,18,26,3.07,unstable
3,0.25,14,0,0,0.115,19,57,2.735,unstable
2,36.11,2,0,0,-0.375,-12,-15,0.852,unstable
4,28.52,22,1.5,0.5,0.137,27,45,-1.282,unstable
3,28.35,1,-1,0,-0.208,-5,-7,1.421,unstable
4,33.95,1,-1,0,-0.208,-5,-7,-0.857,unstable
3,36.59,-92,0,-1,-0.264,-74,-120,3.38,unstable
2,15.35,2,0,0,-0.375,-12,-15,1.948,unstable
4,72.01,-16,0,0,0.257,-6,-13,0.37,unstable
4,87.44,14,0,0,0.015,18,32,-0.107,stable
1,83.76,115,0,1.5,0.262,96,150,-1.249,unstable
1,10.7,2,-1,0,-0.915,-33,-34,5.233,unstable
1,46.53,-14,0,0,-0.118,-19,-20,0.89,unstable
2,58.05,-42,0,0,-0.327,-57,-73,1.731,unstable
3,0.85,-16,0.5,0,-0.321,-13,-24,-0.154,stable
3,49.66,1,-1,0,-0.208,-5,-7,1.396,unstable
4,72.93,38,0.5,0.5,-0.66,13,34,-0.635,unstable
3,39.07,13,2,0,0.255,44,61,-0.287,unstable
1,43.9,-71,-1,0,0.218,-87,-157,3.314,unstable
2,36.51,-99,-1,0,0.501,-100,-186,3.799,unstable
1,0.25,-60,0,0,-0.122,-57,-93,2.765,unstable
1,0,-44,0,0,0.051,-45,-92,3.7,unstable
2,8.61,41,2,0,-0.028,57,90,-0.714,stable
1,0,-39,0,-0.5,0.122,-28,-42,1.785,unstable
1,62.72,-60,0,0,-0.122,-57,-93,0.906,unstable
4,87.44,-18,1,0,0.683,-1,-1,12.701,unstable
4,23.09,-80,-0.5,-0.5,0.336,-70,-141,0.132,stable
1,22.96,28,1,0,-0.251,34,52,-2.874,unstable
2,34.42,-12,0.5,0,0.652,-5,-2,2.213,unstable
4,72.93,64,0,1,0.055,36,70,-1.203,unstable
3,0,-42,0,0,-0.327,-57,-70,2.013,unstable
1,27.91,2,0,0,-0.375,-12,-15,1.76,unstable
1,44.48,-71,-1,0,0.218,-87,-157,0.995,unstable
2,9.23,-39,0,-0.5,0.122,-28,-42,3.181,unstable
1,57.35,-12,0,0,-0.493,-31,-38,1.191,unstable
4,72.93,30,-1,0,-0.782,4,21,-0.149,unstable
1,0.25,-32,0,0,0.087,-19,-43,2.919,unstable
3,48.7,-43,0,0,0.38,-29,-46,2.695,unstable
2,0,-2,0.5,0,-0.23,7,-2,-1.738,unstable
2,2.43,18,0,0,-0.205,0,20,2.844,unstable
1,43.53,-42,0,0,-0.327,-57,-70,2.86,unstable
4,0,-14,0,0,-0.015,-18,-31,0.989,stable
4,15.92,-43,0,0,0.38,-29,-46,2.446,unstable
2,0,-48,0,-1,-0.175,-30,-58,4.01,unstable
2,39.42,-44,1,0,0.588,-24,-39,1.023,unstable
2,17.19,-76,0,-1,-0.384,-68,-108,5.048,unstable
2,19.71,-44,1,0,0.588,-24,-39,-0.821,unstable
3,84.16,-16,0,0,-0.232,-34,-32,-0.185,unstable
1,50.81,30,-1,0,-0.782,4,21,-0.101,unstable
4,24.71,-44,1,0,0.588,-24,-39,4.123,unstable
3,0,16,0,0,-0.257,6,13,-0.395,unstable
2,10.21,-42,0,0,-0.324,-57,-107,1.488,unstable
2,35.59,14,1,0,0.047,39,54,1.05,unstable
1,46.53,-42,0,0,-0.327,-57,-70,1.198,unstable
1,0.25,-74,0,0,-0.237,-76,-150,4.987,unstable
3,105.6,-2,-1,0,-0.695,-15,-22,0.014,stable
1,10.48,-39,0,-0.5,0.122,-28,-42,1.956,unstable
2,15.35,4,-0.5,0,-0.145,-19,-13,4.526,unstable
2,40.7,-56,0,0,-0.442,-76,-130,6.081,unstable
2,45.84,-15,-1,0,0.66,-11,-27,-1.588,stable
3,53.71,-4,0,0,0.261,-3,3,8.733,unstable
1,61,-58,1,0,0.473,-43,-96,0.788,unstable
1,31.56,26,-0.5,0.5,0.715,23,36,-0.542,stable
3,62.29,-2,0,0,0.375,12,15,-0.746,unstable
3,58.4,-57,0,0,0.365,-47,-77,0.304,stable
2,3.62,-39,0,-0.5,0.122,-28,-42,1.723,unstable
4,13.01,29,1,0,-0.542,30,50,1.136,unstable
1,0,-2,0,0,0.375,12,15,-1.637,stable
2,44.83,-32,0,0,0.087,-19,-43,-1.63,stable
3,9.53,42,0,0,0.324,57,107,7.899,unstable
2,5.53,48,0,1,0.175,30,58,1.392,unstable
3,28.48,27,0,0,-0.199,21,42,-0.064,unstable
4,49.19,-26,0,0,-0.095,-23,-38,-2.366,unstable
2,48.71,1,-2,0,-0.24,-26,-29,0.113,unstable
3,100.49,22,1.5,0.5,0.137,27,45,0.254,stable
3,63.24,-14,0,0,-0.118,-19,-20,0.642,unstable
2,40.27,-28,0,0,-0.209,-38,-50,2.567,unstable
2,40.7,-12,0,0,-0.493,-31,-38,3.496,unstable
3,63.24,-12,0,0,-0.493,-31,-35,1.031,unstable
2,44.88,-1,1,0,0.208,5,6,-0.741,stable
3,63.24,0,0,0,0,0,3,1.228,unstable
1,35.24,-16,0,0,0.12,-6,-12,-0.082,stable
1,52.1,15,0,0,-0.692,-10,7,1.219,unstable
2,49.51,-14,0,0,-0.118,-19,-23,0.486,unstable
2,0,-16,0.5,0,-0.321,-13,-24,-1.167,unstable
3,25.63,-42,0,0,-0.324,-57,-107,3.964,unstable
1,47.88,-18,1,0,0.683,-1,-1,5.409,unstable
2,67.29,-27,-2,0,0.043,-39,-58,0.756,unstable
1,43.53,-56,0,0,-0.442,-76,-127,4.832,unstable
2,7.94,-12,0,0,-0.466,-32,-37,4.928,unstable
1,0,34,0,1,0.057,11,35,1.696,unstable
2,4.92,-12,0,0,-0.493,-31,-35,4.284,unstable
3,8.33,-44,1,0,0.588,-24,-39,-0.384,unstable
3,33.77,14,0,0,0.118,19,23,5.81,unstable
2,0,-76,0,-1,-0.384,-68,-108,5.168,unstable
2,18.27,-14,0,0,-0.118,-19,-23,2.223,unstable
3,15.81,-25,-1,0,0.738,-24,-36,-1.309,unstable
4,0.29,-30,0,0,0.166,-26,-35,0.112,unstable
1,18.3,-106,0,-1,-0.379,-93,-177,6.06,unstable
3,28.48,-30,0,0,0.166,-26,-35,0.524,unstable
2,0,-14,0,0,-0.118,-19,-23,2.233,unstable
4,87.44,-58,1,0,0.473,-43,-96,-1.204,stable
2,36.56,32,0,0,-0.087,19,43,1.238,unstable
2,26.22,-58,1,0,0.573,-42,-71,0.233,unstable
1,10.7,73,0,1.5,-0.065,39,77,2.536,unstable
2,45.84,1,-2,0,-0.24,-26,-29,0.833,unstable
3,0,2,0,0,-0.375,-12,-15,3.164,unstable
2,16.94,-15,1,0,0.193,-13,-25,0,unstable
4,0.94,14,-1,0,-0.422,-2,4,4.459,unstable
4,11.68,-27,0,0,0.123,-23,-33,3.59,unstable
2,20.73,-50,0,-1,0.063,-17,-50,3.805,unstable
2,0,-42,0,0,-0.327,-57,-70,4.688,unstable
3,76.23,-50,0,-1,0.063,-17,-50,-0.572,stable
4,0.43,-42,0,0,-0.327,-57,-73,2.713,unstable
2,16.94,18,1,1,0.957,26,37,-5.005,stable
4,0,-16,0,0,0.257,-6,-13,0.433,unstable
1,24.57,-66,-0.5,-0.5,0.451,-51,-84,2.674,unstable
1,39.38,-13,-2,0,-0.255,-44,-61,0.747,unstable
4,0.43,-12,0,0,-0.493,-31,-38,3.709,unstable
2,31.39,-48,0,-1,-0.175,-30,-58,3.464,unstable
1,0,28,0,0,0.209,38,50,6.88,stable
2,17.19,-34,0,-1,-0.057,-11,-38,1.433,unstable
2,3.89,27,0,0,-0.199,21,42,-0.599,unstable
3,53.71,-30,0,0,0.166,-26,-35,1.219,unstable
3,75.94,19,-1,1,0.717,0,8,-2.22,stable
1,47.78,-26,0,0,-0.095,-23,-38,1.581,unstable
2,7.94,14,0,0,0.118,19,23,5.206,unstable
3,51.77,13,0,0,-0.214,3,11,0.749,unstable
1,39.03,-71,0,0,0.25,-66,-134,2.425,unstable
2,0.05,-42,0,0,-0.327,-57,-70,4.634,unstable
2,8.61,-1,1,0,0.208,5,7,-2.001,stable
1,10.7,-12,0,0,-0.493,-31,-38,2.649,unstable
1,0,16,-0.5,0,0.321,13,24,5.261,unstable
2,3.89,-44,0,0,0.051,-45,-92,3.38,unstable
1,9.92,-34,0,-1,-0.057,-11,-38,2.245,unstable
2,8.61,-44,1,0,0.588,-24,-39,-3.052,stable
2,7.94,64,0,1,0.055,36,70,5.635,unstable
1,83.76,26,0,0,0.095,23,38,11.169,unstable
4,14.88,30,0,0,-0.166,26,35,2.188,unstable
1,47.16,1,-2,0,-0.24,-26,-29,1.179,unstable
1,38.63,-15,0,0,0.692,10,-4,-0.475,stable
3,26.79,-1,2,0,0.24,26,29,-0.312,stable
3,39.72,-14,-1,0,-0.047,-39,-54,-0.338,stable
1,32.89,-39,0,-0.5,0.122,-28,-42,2.619,unstable
3,48.92,30,0,0,-0.142,25,70,4.678,unstable
2,0,-56,0,0,-0.442,-76,-130,7.259,unstable
2,32.63,16,0,0,0.232,34,32,-5.333,stable
