SecSt,ASA_pct,delta_MW,delta_Chg,delta_ARM,delta_Hydro,delta_VdwV,delta_SASA,ddG_calc,ddGC
2,0.4,-16,1,0,0.9,15,-1,-5.713,neutral
3,29.13,-28,0,0,0.283,-13,-29,3.08,unstable
2,0.45,28,0,0,0.209,38,50,5.731,neutral
3,44.45,27,0,0,-0.123,23,33,0.518,neutral
3,26.79,-16,1,0,0.9,15,-1,-0.864,stable
2,1.23,-2,0,0,0.375,12,15,2.591,unstable
1,27.13,28,-1,0,-0.331,18,26,-0.835,stable
1,0,16,-0.5,0,0.321,13,24,5.261,unstable
3,49.66,1,-1,0,-0.208,-5,-7,1.396,unstable
2,58.85,1,-1,0,-0.208,-5,-6,0.37,neutral
2,0,58,-1,0,-0.473,43,96,2.625,neutral
4,101.35,-28,-1,0,0.251,-34,-52,-0.491,neutral
1,26.35,-66,0,-1,-0.169,-51,-82,35.812,neutral
2,10.21,15,0,0,-0.589,-9,-4,1.052,neutral
1,55.47,-41,-1,0,0.076,-62,-87,-0.213,neutral
2,19.71,-1,1,0,0.208,5,7,-0.069,unstable
1,0,-14,0,0,-0.115,-19,-57,1.968,unstable
1,10.7,2,-1,0,-0.915,-33,-34,5.233,unstable
2,3.62,-39,0,-0.5,0.122,-28,-42,1.723,unstable
3,1.17,14,0,0,0.118,19,23,0.511,neutral
3,86.61,13,2,0,0.255,44,61,0.061,neutral
1,36.02,-44,1,0,0.588,-24,-39,-0.9,neutral
1,27.9,-90,0,-1,-0.499,-87,-165,5.533,unstable
3,8.26,22,1.5,0.5,0.137,27,45,-0.142,unstable
2,0,56,0,0,0.442,76,127,7.459,neutral
1,44.19,16,0,0,-0.257,6,13,0.043,neutral
2,49.51,-10,-0.5,0,-0.263,-38,-36,3.832,unstable
1,0,-14,0,0,-0.118,-19,-23,1.815,unstable
3,48.92,57,0,0,-0.265,48,103,2.785,unstable
4,49.19,-26,0,0,-0.095,-23,-38,-2.366,unstable
3,100.49,22,1.5,0.5,0.137,27,45,0.254,stable
1,31.56,-24,-0.5,-0.5,0.778,6,-14,-4.69,stable
1,52.36,-31,-1,0,0.428,-45,-62,-0.012,neutral
1,43.9,-57,-1,0,0.333,-68,-100,0.893,neutral
3,39.72,-14,-1,0,-0.047,-39,-54,-0.338,stable
3,48.92,80,0.5,0.5,-0.336,70,141,4.731,unstable
3,81.45,42,0,0,0.324,57,107,2.058,neutral
1,46.53,-42,0,0,-0.327,-57,-70,1.198,unstable
3,12.35,-23,0,-0.5,0.002,-22,-30,4.973,unstable
2,51.89,-14,0,0,-0.118,-19,-23,0.113,neutral
3,62.29,-2,0,0,0.375,12,15,-0.746,unstable
1,79.67,-44,1,0,0.588,-24,-39,-0.277,neutral
4,14.88,30,0,0,-0.166,26,35,2.188,unstable
1,74.55,26,-0.5,0.5,0.715,23,36,-2.348,neutral
2,0,-48,0,-1,-0.175,-30,-58,4.01,unstable
1,10.07,10,0,0,0.352,17,25,3.598,neutral
2,19.71,-44,1,0,0.588,-24,-39,-0.821,unstable
1,83.76,26,0,0,0.095,23,38,11.169,unstable
2,0.05,-42,0,0,-0.327,-57,-70,4.634,unstable
3,48.92,71,1,0,-0.218,87,157,3.721,unstable
2,38.57,-44,0,0,0.051,-45,-92,2.78,unstable
2,4.92,-42,0,0,-0.327,-57,-70,4.541,unstable
4,109.56,1,-1,0,-0.208,-5,-7,0.724,neutral
2,11.56,-76,0,-1,-0.384,-68,-108,5.632,unstable
3,7.53,-23,-0.5,-0.5,0.071,-22,-38,5.012,unstable
3,8.67,-43,0,0,0.38,-29,-46,1.564,unstable
3,52.36,-26,0,0,-0.095,-23,-38,1.559,unstable
1,0,30,0,0,-0.166,26,35,1.992,unstable
1,0.25,-74,0,0,-0.237,-76,-150,4.987,unstable
3,24.32,-42,0,0,-0.327,-57,-73,2.72,unstable
2,0.4,-30,1,0,0.782,-4,-21,-0.272,neutral
2,0,-56,0,0,-0.442,-76,-130,8.89,unstable
1,48.2,-42,1,0,0.316,-36,-58,0.456,unstable
2,1.65,42,0,0,0.324,57,107,38.231,unstable
2,44.85,-85,-1,0,0.616,-81,-129,0.951,unstable
2,0.07,12,0,0,0.493,31,38,1.442,unstable
2,0,-2,0.5,0,-0.23,7,-2,-1.738,unstable
2,56.96,-30,0,0,0.166,-26,-35,1.023,neutral
2,6.5,-16,0,0,0.12,-6,-12,0.111,stable
2,31.39,-34,0,-1,-0.057,-11,-38,2.5,unstable
2,43.14,-28,0,0,-0.209,-38,-50,0.885,neutral
1,34.03,-28,0,0,-0.209,-38,-50,1.703,neutral
1,46.59,16,-1,0,-0.9,-15,1,1.687,neutral
1,73.55,-1,1,0,0.208,5,6,-0.621,neutral
2,0,-56,0,0,-0.442,-76,-127,6.749,unstable
3,33.77,-28,0,0,-0.209,-38,-50,2.144,neutral
3,22.34,-14,0,0,-0.118,-19,-20,5.25,unstable
4,87.44,-58,1,0,0.473,-43,-96,-1.204,stable
2,8.61,-2,1,0,0.915,33,34,-2.938,stable
1,32.42,50,0.5,0.5,-0.194,45,71,-0.265,unstable
1,75.2,-30,0,0,0.166,-26,-35,0.006,neutral
3,65.72,-58,1,0,0.473,-43,-96,-0.248,neutral
3,0,-42,0,0,-0.327,-57,-70,2.013,unstable
2,66.34,-1,2,0,0.24,26,29,-0.83,neutral
1,52.1,15,0,0,-0.692,-10,7,1.219,unstable
3,46.71,2,0,0,-0.375,-12,-15,1.346,unstable
2,8.61,-2,1,0,0.915,33,31,-2.143,stable
2,23.89,-16,0,0,0.257,-6,-13,1.301,neutral
4,92.1,-1,2,0,0.24,26,29,-0.111,neutral
1,0,16,0,0,-0.257,6,13,4.612,unstable
4,0,-14,0,0,-0.015,-18,-31,0.989,stable
3,56.4,-66,-0.5,-0.5,0.451,-51,-84,2.683,unstable
3,63.24,-12,0,0,-0.493,-31,-35,1.031,unstable
3,76.78,14,-1,0,-0.422,-2,4,1.083,neutral
3,47.59,-57,-1,0,0.333,-68,-100,0.311,neutral
3,15.81,-28,0,0,0.283,-13,-29,1.794,unstable
2,50.68,-42,0,0,-0.324,-57,-107,2.117,unstable
1,18.92,1,-1,0,-0.208,-5,-7,0.861,unstable
4,11.68,-27,0,0,0.123,-23,-33,3.59,unstable
2,24.41,58,-1,0,-0.573,42,71,0.038,neutral
3,67.38,-28,0,0,0.283,-13,-29,-0.732,neutral
1,35.24,-16,0,0,0.12,-6,-12,-0.082,stable
2,0.39,14,0,0,0.118,19,23,2.369,unstable
2,0.33,14,0,0,0.118,19,23,1.853,neutral
3,79.6,-92,0,-1,-0.264,-74,-120,1.416,neutral
4,87.44,-28,1,0,0.331,-18,-26,0.226,stable
1,27.91,2,0,0,-0.375,-12,-15,1.76,unstable
2,42.36,-1,1,0,0.208,5,6,-0.65,unstable
1,38,-56,0,0,-0.442,-76,-130,3.381,neutral
4,102.46,-1,2,0,0.24,26,29,-0.091,neutral
4,109.56,14,1,0,0.047,39,54,0.289,neutral
3,41.82,12,0,0,0.493,31,38,2.098,unstable
4,0.43,34,0,1,0.057,11,35,0.872,unstable
1,18.3,-106,0,-1,-0.379,-93,-177,6.06,unstable
4,41.55,-16,0,0,0.257,-6,-13,-0.571,neutral
2,0,-76,0,-1,-0.384,-68,-108,5.168,unstable
2,26.22,-58,1,0,0.573,-42,-71,0.233,unstable
2,18.27,-42,0,0,-0.327,-57,-73,5.349,unstable
2,40.7,-56,0,0,-0.442,-76,-130,6.081,unstable
1,63.28,14,0,0,0.115,19,57,-1.057,neutral
1,1.45,28,0,0,0.209,38,50,0.905,neutral
4,24.71,-44,1,0,0.588,-24,-39,4.123,unstable
2,39.37,-2,0,0,0.375,12,15,-1.184,stable
4,0,-16,0,0,0.257,-6,-13,0.433,unstable
2,1.12,-60,-0.5,-1,-0.2,-55,-83,7.01,neutral
4,33.95,1,-1,0,-0.208,-5,-7,-0.857,unstable
3,76.23,-50,0,-1,0.063,-17,-50,-0.572,stable
2,51.89,-42,0,0,-0.327,-57,-73,1.322,unstable
3,76.23,-26,0.5,-0.5,-0.715,-23,-36,0.688,stable
2,80.48,-1,2,0,0.24,26,29,-0.813,neutral
2,42.15,9,-0.5,0.5,-0.118,-17,-16,-0.976,unstable
1,0,57,1,0,-0.333,68,100,8.435,unstable
2,0.35,-1,1,0,0.208,5,7,2.719,unstable
2,38.92,-1,2,0,0.24,26,29,-0.353,neutral
1,0.25,-18,0,0,0.205,0,-23,1.11,neutral
1,43.53,-56,0,0,-0.442,-76,-127,4.832,unstable
1,73.82,14,0,0,0.115,19,57,-1.427,neutral
1,50.81,38,0.5,0.5,-0.66,13,34,-1.844,unstable
3,43.71,14,0,0,0.115,19,57,15.921,unstable
1,75.2,-14,0,0,-0.091,-20,-22,0.926,unstable
3,63.24,-42,0,0,-0.327,-57,-70,2.304,unstable
4,69.57,0,-1,0,-0.032,-21,-23,-0.464,neutral
3,93.59,-28,1,0,0.407,-16,-36,0.004,neutral
4,72.93,30,-1,0,-0.782,4,21,-0.149,unstable
3,36.61,0,-1,0,-0.032,-21,-23,0.131,neutral
1,0.49,-42,0,0,-0.327,-57,-70,4.99,unstable
2,2.43,-42,0,0,-0.327,-57,-73,4.656,unstable
1,82.03,16,0,0,-0.257,6,13,0.929,unstable
2,8.61,22,1.5,0.5,0.137,27,45,-4.583,stable
1,56.62,-76,0,-1,-0.521,-68,-107,4.834,unstable
2,0.05,-42,0,0,-0.327,-57,-70,6.094,neutral
2,2.43,-12,0,0,-0.493,-31,-38,3.701,unstable
1,55.44,66,0.5,0.5,-0.451,51,84,0.194,neutral
4,0.94,-44,0,0,0.051,-45,-92,4.169,unstable
1,46.59,24,0.5,0.5,-0.778,-6,14,0.092,stable
3,47.81,-1,1,0,0.208,5,7,0.255,unstable
2,22.14,-53,-1.5,0,0.68,-62,-92,2.753,unstable
3,3.74,-16,0,0,0.12,-6,-12,1.052,unstable
3,89.17,-85,-1,0,0.616,-81,-129,0.51,neutral
2,6.7,-72,1,0,0.458,-61,-128,0.816,unstable